Student,Week Lecture Recordings Watched,Past Years' Week Lecture Recordings Watched,Week Lecture Slides Viewed,Week Study Materials Viewed,Dictionary of Terms Viewed,Homework Started,Homework Submitted,Homework Sample Solutions Viewed,Homework Feedback Viewed,Past Years' Exams Viewed,Midterm Exam Review Quiz Viewed,Midterm Exam Feedback Viewed,Midterm Exam Sample Solutions Viewed,Other Activities,Total Weekly Activities,Average Weekly Activity,Peak Activity Week,Week of Peak Activity,Activity Volatility,Proportion of Inactive Weeks,Trend Slope,Activity Concentration,Activity Momentum,Homework Completion Ratio,Engagement Breadth,Consistency Score,Average Timeliness,Total,Grade
A020,3,2,15,48,0,13,10,13,58,1,0,10,4,22,199,11.055555555555555,51,17,13.209727990395823,0.1111111111111111,1.7100103199174408,0.2562814070351759,22,0.7692307692307693,12,13.209727990395823,53954.22222222222,50.57,E
A048,29,1,61,132,0,17,6,25,59,8,0,4,0,59,401,21.105263157894736,126,18,31.11928617913928,0.0526315789473684,2.5929824561403505,0.314214463840399,-2,0.3529411764705882,11,31.11928617913928,27931.04,60.26,D
A005,3,0,10,132,2,12,12,13,99,3,0,8,2,103,399,21.0,100,16,22.840407407187723,0.0526315789473684,1.6596491228070174,0.2506265664160401,-3,1.0,12,22.840407407187723,27700.356783919597,95.05,A
A003,7,0,2,19,0,4,3,0,3,0,0,0,0,5,43,6.142857142857143,11,6,4.050699108216522,0.1428571428571428,1.1785714285714286,0.2558139534883721,8,0.75,7,4.050699108216522,90737.59523809524,3.53,F
A035,3,0,2,58,1,11,8,34,40,1,0,7,2,115,282,14.1,67,18,18.256231812726305,0.0,1.213533834586466,0.2375886524822695,2,0.7272727272727273,12,18.256231812726305,41861.380782918146,79.05,C
A093,1,0,5,2,0,0,0,0,0,0,0,0,0,7,15,5.0,7,2,1.632993161855452,0.0,1.0,0.4666666666666667,2,0.0,4,1.632993161855452,85477.92857142857,0.0,F
A080,15,1,2,110,0,12,12,0,34,4,0,2,0,31,223,11.736842105263158,50,18,12.25106700084853,0.0,0.8929824561403508,0.2242152466367713,1,1.0,10,12.25106700084853,49580.23423423423,105.69,A
A004,14,3,14,118,2,15,12,7,47,1,0,3,0,48,284,14.947368421052632,37,14,8.935285959612898,0.0,0.4736842105263157,0.130281690140845,-15,0.8,12,8.935285959612898,38806.05300353357,57.26,E
A001,0,0,4,106,0,12,11,16,16,0,0,3,0,21,189,11.117647058823527,29,16,8.216785924816106,0.0,0.8406862745098039,0.1534391534391534,8,0.9166666666666666,8,8.216785924816106,52516.21808510638,74.28,C
A106,18,0,11,46,0,10,6,7,6,2,0,1,0,21,128,7.529411764705882,42,16,9.84059806323856,0.1764705882352941,0.8308823529411763,0.328125,-1,0.6,10,9.84059806323856,76868.17322834645,61.75,D
A008,16,0,2,35,2,12,12,7,31,1,0,1,1,31,151,8.882352941176471,22,15,6.076786621244686,0.1176470588235294,0.6960784313725491,0.1456953642384106,-2,1.0,12,6.076786621244686,65729.31333333334,99.03,A
A088,6,1,18,88,1,11,10,9,13,0,0,1,1,25,184,9.68421052631579,37,18,7.954162310447394,0.0,0.6350877192982456,0.2010869565217391,-1,0.9090909090909092,12,7.954162310447394,59835.983606557376,56.45,E
A094,6,2,21,137,1,12,11,38,40,2,0,6,1,59,336,16.8,57,10,14.630789452384311,0.0,0.2,0.1696428571428571,-6,0.9166666666666666,13,14.630789452384311,34752.307462686564,64.82,D
A095,10,3,9,179,2,18,10,28,35,12,0,9,26,29,370,21.764705882352946,104,16,23.702889900165697,0.0,2.502450980392157,0.2810810810810811,13,0.5555555555555556,13,23.702889900165697,26854.52032520325,65.35,D
A029,1,0,12,73,1,12,11,7,9,0,0,4,0,106,236,13.882352941176473,70,6,16.481299038397417,0.0,0.0833333333333333,0.2966101694915254,3,0.9166666666666666,10,16.481299038397417,42245.51914893617,65.78,D
A012,0,0,30,25,1,9,7,1,5,6,0,1,2,26,113,5.65,58,19,12.850194551056417,0.3,0.8894736842105264,0.5132743362831859,0,0.7777777777777778,11,12.850194551056417,102311.38392857143,62.99,D
A047,6,6,8,18,0,3,3,5,5,0,0,0,0,7,61,3.388888888888889,34,18,7.775594931785598,0.6111111111111112,0.2631578947368421,0.5573770491803278,27,1.0,9,7.775594931785598,178423.5,2.5,F
A046,1,1,2,77,1,11,6,18,11,1,0,4,2,27,162,8.526315789473685,37,10,8.635108392655448,0.0,-0.0052631578947368,0.228395061728395,-5,0.5454545454545454,13,8.635108392655448,67526.14285714286,27.02,F
A016,1,0,5,37,0,6,4,16,11,4,0,3,2,45,134,6.7,31,16,8.672369918309528,0.25,0.5428571428571429,0.2313432835820895,7,0.6666666666666666,11,8.672369918309528,88903.42105263157,61.27,D
A105,1,1,1,3,0,1,0,0,0,0,0,0,0,2,9,1.5,6,2,2.140872096444188,0.5,-0.6571428571428571,0.6666666666666666,-1,0.0,6,2.140872096444188,375194.75,0.0,F
A039,4,0,28,97,0,13,11,0,18,0,0,2,0,31,204,12.0,40,13,9.99411591593656,0.0588235294117647,1.0637254901960784,0.196078431372549,2,0.8461538461538461,8,9.99411591593656,48190.76354679803,99.28,A
A061,8,1,13,176,2,12,8,8,22,0,0,13,2,62,327,16.35,67,15,15.077383725301946,0.05,0.7210526315789474,0.2048929663608562,-5,0.6666666666666666,12,15.077383725301946,34792.27914110429,58.7,E
A027,18,3,100,130,3,12,11,31,252,13,0,6,3,51,633,31.65,91,18,25.173944863687932,0.0,1.4819548872180452,0.1437598736176935,-10,0.9166666666666666,13,25.173944863687932,17944.526898734177,66.02,D
A021,0,0,12,175,0,8,6,38,44,5,0,2,1,21,312,16.42105263157895,133,18,30.524047102629524,0.2631578947368421,1.3263157894736843,0.4262820512820512,-6,0.75,10,30.524047102629524,34931.40514469453,62.13,D
A057,18,7,10,90,0,11,8,6,13,4,0,1,0,10,178,11.125,41,10,11.257636297198449,0.125,1.2205882352941178,0.2303370786516854,26,0.7272727272727273,11,11.257636297198449,52156.36723163842,54.65,E
A040,41,6,44,54,0,12,9,10,33,3,0,4,0,50,266,14.0,31,18,7.553319242488521,0.0,0.4526315789473684,0.1165413533834586,0,0.75,11,7.553319242488521,40939.89811320755,52.07,E
A060,0,0,40,34,1,12,11,1,18,1,0,5,1,12,136,6.8,35,16,8.170679286326198,0.2,0.3939849624060151,0.2573529411764705,3,0.9166666666666666,11,8.170679286326198,86084.71851851852,56.5,E
A023,13,1,10,151,1,12,12,17,52,0,0,1,0,114,384,20.210526315789473,72,18,18.718352793500262,0.0526315789473684,2.026315789473684,0.1875,-1,1.0,11,18.718352793500262,28386.5091383812,104.93,A
A037,1,0,8,92,0,12,8,10,21,2,0,5,2,20,181,9.526315789473683,25,10,6.596397909007705,0.0,0.5,0.1381215469613259,0,0.6666666666666666,11,6.596397909007705,59941.99444444444,61.02,D
A019,7,4,38,116,0,12,12,16,53,8,0,11,5,44,326,17.157894736842106,67,16,17.598633792352764,0.0,0.9649122807017544,0.205521472392638,-3,1.0,12,17.598633792352764,32861.03692307692,50.43,E
A030,1,0,94,175,2,13,11,27,19,4,0,2,1,53,402,21.157894736842103,128,16,27.700015500460673,0.0,1.2614035087719295,0.3184079601990049,-9,0.8461538461538461,12,27.700015500460673,26890.5536159601,106.28,A
A010,0,0,1,2,0,4,3,1,5,0,0,0,0,4,20,2.5,4,5,1.5,0.125,0.3809523809523809,0.2,1,0.75,7,1.5,215646.42105263157,2.42,F
A065,1,1,6,79,1,14,9,0,52,6,0,6,0,24,199,11.705882352941176,27,16,7.54410331382654,0.0,0.8799019607843137,0.135678391959799,19,0.6428571428571429,11,7.54410331382654,48625.131313131315,70.57,C
A082,10,3,48,169,1,12,11,31,26,1,0,3,2,45,362,19.05263157894737,52,10,12.360691873884248,0.0,0.2947368421052631,0.143646408839779,-6,0.9166666666666666,13,12.360691873884248,29698.35457063712,75.05,C
A089,1,0,0,0,0,1,1,0,1,0,0,0,0,1,5,1.0,2,4,0.6324555320336759,0.2,0.1,0.4,0,1.0,5,0.6324555320336759,577967.5,1.33,F
A091,1,2,15,45,2,8,5,0,2,1,0,3,0,19,103,5.421052631578948,28,18,6.571996327910722,0.1578947368421052,0.3,0.2718446601941747,-1,0.625,11,6.571996327910722,104844.8137254902,60.1,D
A069,14,2,7,23,0,9,5,8,10,2,0,4,0,57,141,7.421052631578948,27,18,6.643681521199271,0.1578947368421052,0.2070175438596491,0.1914893617021276,-1,0.5555555555555556,11,6.643681521199271,76384.19285714286,50.32,E
A074,21,0,2,34,0,15,4,9,8,3,0,0,2,36,134,7.444444444444445,27,15,8.063788895923844,0.1666666666666666,0.4809081527347781,0.2014925373134328,13,0.2666666666666666,10,8.063788895923844,77336.81954887218,3.82,F
A056,5,0,6,22,0,12,3,9,33,1,0,7,4,18,120,7.0588235294117645,16,16,4.193420451910968,0.0588235294117647,0.4852941176470588,0.1333333333333333,3,0.25,11,4.193420451910968,81964.78991596638,93.87,A
A100,10,1,9,86,0,9,6,6,7,8,0,3,5,40,190,9.5,71,19,20.465825172711703,0.25,1.574436090225564,0.3736842105263158,-6,0.6666666666666666,12,20.465825172711703,59297.613756613755,67.4,D
A015,3,2,15,215,3,12,11,36,41,3,0,5,3,75,424,23.555555555555557,62,16,15.826216724235428,0.0,1.3085655314757485,0.1462264150943396,8,0.9166666666666666,13,15.826216724235428,24504.62884160757,80.54,B
A099,7,0,18,44,1,17,10,6,27,3,0,1,1,58,193,10.157894736842104,28,18,8.311457899187861,0.1052631578947368,0.7070175438596491,0.1450777202072538,11,0.5882352941176471,12,8.311457899187861,55545.984375,51.92,E
A070,4,0,38,102,1,13,9,16,14,10,0,2,1,25,235,13.823529411764708,84,16,19.63261180706179,0.0588235294117647,2.07843137254902,0.3574468085106383,33,0.6923076923076923,12,19.63261180706179,42243.92735042735,50.14,E
A071,1,0,8,109,2,15,11,7,18,1,0,1,0,21,194,10.210526315789474,40,18,9.27690367678003,0.0,0.7543859649122807,0.2061855670103092,0,0.7333333333333333,11,9.27690367678003,55336.93782383419,87.61,B
A009,2,0,16,71,0,5,1,4,5,9,0,5,2,60,180,9.473684210526317,58,18,16.35902590412571,0.2105263157894736,0.7894736842105263,0.3222222222222222,4,0.2,11,16.35902590412571,61500.530726256984,48.18,F
A018,7,1,25,89,1,12,10,37,32,3,0,3,8,33,261,13.736842105263158,50,10,12.353742689920066,0.0526315789473684,0.4543859649122806,0.1915708812260536,-1,0.8333333333333334,13,12.353742689920066,41356.915384615386,75.55,C
A103,0,0,7,54,1,11,11,19,14,1,0,1,1,11,131,7.705882352941177,38,10,9.105684752377966,0.1176470588235294,0.625,0.2900763358778626,4,1.0,11,9.105684752377966,74701.26153846153,61.44,D
A045,18,1,21,124,2,12,10,9,17,2,0,2,1,49,268,13.4,48,15,11.248999955551604,0.05,-0.1157894736842105,0.1791044776119403,-4,0.8333333333333334,13,11.248999955551604,41769.51310861424,54.7,E
A073,1,0,1,0,0,1,0,1,0,0,0,0,0,6,10,2.0,3,2,0.6324555320336759,0.0,-0.2,0.3,0,0.0,5,0.6324555320336759,281914.0,0.0,F
A024,5,2,16,93,0,11,10,23,34,9,0,3,3,35,244,13.555555555555555,48,10,12.29373020970998,0.0,0.9184726522187822,0.1967213114754098,0,0.9090909090909092,12,12.29373020970998,41669.43621399177,94.9,A
A102,4,1,22,71,0,8,5,8,12,3,0,0,3,9,146,7.684210526315789,31,16,9.830418053855768,0.3157894736842105,0.4385964912280702,0.2123287671232876,2,0.625,11,9.830418053855768,74532.58620689655,6.33,F
A044,0,0,38,78,0,12,11,4,9,5,0,1,1,13,172,9.052631578947368,27,6,7.507706105697603,0.0526315789473684,0.3052631578947368,0.1569767441860465,0,0.9166666666666666,10,7.507706105697603,61585.05847953216,71.42,C
A043,2,0,2,72,0,12,7,16,67,1,0,1,0,18,198,11.0,42,10,9.433981132056603,0.0,0.7739938080495357,0.2121212121212121,7,0.5833333333333334,10,9.433981132056603,52507.42639593909,71.78,C
A038,2,1,19,41,0,12,12,6,74,1,0,3,1,29,201,10.578947368421051,37,15,10.24600455876741,0.0,0.894736842105263,0.1840796019900497,1,1.0,12,10.24600455876741,53567.42,84.3,B
A075,28,6,4,126,0,12,11,14,4,0,0,3,0,53,261,13.736842105263158,38,18,10.411744912979955,0.0526315789473684,0.850877192982456,0.1455938697318007,-3,0.9166666666666666,10,10.411744912979955,41222.99615384615,57.17,E
A054,0,2,8,59,2,13,4,15,6,3,0,0,1,14,127,7.055555555555555,25,12,7.611922097912679,0.2222222222222222,0.2672858617131062,0.1968503937007874,19,0.3076923076923077,11,7.611922097912679,81253.03968253969,3.82,F
A066,1,2,15,239,0,23,12,10,75,4,0,8,4,45,438,23.05263157894737,54,17,16.43959816454266,0.0,1.57719298245614,0.1232876712328767,1,0.5217391304347826,12,16.43959816454266,24356.775743707098,66.93,D
A031,1,1,19,75,1,12,9,15,14,2,0,1,0,24,174,9.157894736842104,29,16,8.34936592546648,0.0526315789473684,0.1,0.1666666666666666,-3,0.75,12,8.34936592546648,61688.19653179191,71.87,C
A032,2,1,2,3,0,13,11,0,6,0,0,2,0,8,48,2.823529411764706,6,4,1.6533493320653172,0.0588235294117647,0.0931372549019607,0.125,4,0.8461538461538461,9,1.6533493320653172,204022.21276595743,62.0,D
A058,10,3,9,157,0,13,11,7,84,1,0,3,1,18,317,18.647058823529413,46,15,11.271730262660958,0.0,0.8406862745098039,0.1451104100946372,5,0.8461538461538461,12,11.271730262660958,30171.810126582277,81.17,B
A050,0,0,14,62,2,18,12,11,65,2,0,3,2,34,225,11.842105263157896,41,10,10.39363751681888,0.0,0.5491228070175438,0.1822222222222222,0,0.6666666666666666,11,10.39363751681888,47516.24553571428,81.7,B
A033,2,0,5,0,0,12,12,1,17,6,0,1,0,17,73,4.294117647058823,10,16,2.4438327150401165,0.0,0.2598039215686274,0.136986301369863,7,1.0,9,2.4438327150401165,134907.97222222222,60.5,D
A041,13,4,24,128,3,12,10,11,74,0,0,3,0,30,312,18.352941176470587,62,16,16.1752940748632,0.0,1.7892156862745097,0.1987179487179487,19,0.8333333333333334,11,16.1752940748632,30667.00643086817,52.13,E
A084,0,0,0,34,0,12,11,15,11,1,0,1,2,6,93,4.894736842105263,20,10,5.0668659143405215,0.0526315789473684,0.1684210526315789,0.2150537634408602,0,0.9166666666666666,9,5.0668659143405215,115728.3695652174,64.39,D
A014,5,3,40,62,0,12,8,4,8,0,0,1,0,5,148,8.222222222222221,26,5,7.807087631373855,0.0555555555555555,0.0536635706914344,0.1756756756756756,0,0.6666666666666666,10,7.807087631373855,69866.61904761905,51.51,E
A055,3,1,10,71,2,15,8,8,24,7,0,4,1,35,189,9.947368421052632,46,18,10.865075310178243,0.1052631578947368,0.5105263157894736,0.2433862433862433,-1,0.5333333333333333,13,10.865075310178243,56656.87765957447,68.73,D
A006,9,0,30,161,1,12,12,18,100,4,0,9,0,24,380,19.0,61,16,17.938784797192923,0.05,1.0676691729323309,0.1605263157894736,-1,1.0,11,17.938784797192923,29408.93667546174,64.48,D
A007,0,11,24,70,2,11,11,9,11,3,0,2,0,3,157,9.235294117647058,55,16,12.817861672473738,0.1764705882352941,1.0098039215686274,0.3503184713375796,2,1.0,11,12.817861672473738,60635.032051282054,66.86,D
A034,1,0,3,86,0,14,11,3,10,1,0,2,1,43,175,9.210526315789474,20,18,4.3234847953500735,0.0,0.4403508771929824,0.1142857142857142,3,0.7857142857142857,11,4.3234847953500735,62099.72413793104,85.76,B
A097,2,1,6,47,0,14,9,11,16,1,0,4,1,25,137,7.611111111111111,28,16,6.856780009506316,0.0555555555555555,0.1702786377708978,0.2043795620437956,-3,0.6428571428571429,12,6.856780009506316,75716.19852941176,57.65,E
A064,1,1,32,252,2,12,11,29,27,3,0,3,3,36,412,24.235294117647054,60,13,15.79474749538297,0.0,2.1960784313725488,0.145631067961165,24,0.9166666666666666,13,15.79474749538297,23771.99513381995,67.0,D
A011,4,0,25,41,0,13,12,10,43,2,0,5,5,18,178,9.88888888888889,44,16,9.706177236338204,0.0555555555555555,1.104231166150671,0.247191011235955,18,0.9230769230769232,11,9.706177236338204,58067.52542372881,53.33,E
A086,7,0,12,39,0,8,6,7,11,2,0,2,1,9,104,6.5,12,12,4.06201920231798,0.125,0.4058823529411764,0.1153846153846153,10,0.75,11,4.06201920231798,88034.2718446602,53.52,E
A077,13,0,8,105,0,13,12,0,34,4,0,2,0,11,202,11.22222222222222,43,16,11.525602204346612,0.0,1.2383900928792568,0.2128712871287128,3,0.9230769230769232,9,11.525602204346612,50051.592039801,90.44,A
A067,22,1,13,128,0,12,12,30,33,2,0,1,1,26,281,14.789473684210526,47,17,11.76783728897684,0.0,0.9175438596491228,0.1672597864768683,-6,1.0,12,11.76783728897684,37993.56071428571,51.95,E
A026,8,0,6,60,2,12,9,0,10,2,0,1,0,12,122,7.176470588235294,33,16,8.103995340844481,0.1764705882352941,1.0147058823529411,0.2704918032786885,13,0.75,10,8.103995340844481,79321.53719008264,67.59,D
A052,15,1,26,88,1,12,12,26,203,4,0,4,1,22,415,21.842105263157897,68,10,18.672420297818743,0.0,1.2894736842105263,0.163855421686747,0,1.0,13,18.672420297818743,25584.222222222223,73.37,C
A101,0,1,5,57,0,14,12,0,29,3,0,1,0,23,145,8.529411764705882,21,17,6.598731135237721,0.0588235294117647,0.892156862745098,0.1448275862068965,20,0.8571428571428571,9,6.598731135237721,64863.729166666664,56.19,E
A072,14,5,11,84,1,18,11,27,35,2,0,5,2,58,273,14.36842105263158,37,13,10.790885658573114,0.0526315789473684,0.4421052631578946,0.1355311355311355,-1,0.6111111111111112,13,10.790885658573114,39385.91176470588,60.33,D
A096,0,0,18,96,0,14,12,0,19,2,0,63,1,19,244,13.555555555555555,65,11,15.192184475440076,0.0,0.6728586171310629,0.2663934426229508,0,0.8571428571428571,9,15.192184475440076,40488.22633744856,69.55,D
A063,4,2,1,45,0,5,4,10,1,0,0,1,1,2,76,3.8,30,16,6.939740629158989,0.35,0.0721804511278195,0.3947368421052631,1,0.8,11,6.939740629158989,145041.98666666666,72.23,C
A051,5,0,4,42,0,12,12,6,17,0,0,2,3,10,113,6.647058823529412,23,16,5.098340865887164,0.0588235294117647,0.5196078431372549,0.2035398230088495,7,1.0,10,5.098340865887164,82880.03571428571,81.8,B
A028,0,2,70,100,0,13,11,19,42,6,0,4,1,27,295,14.75,54,17,14.982906927562489,0.05,1.2789473684210528,0.1830508474576271,2,0.8461538461538461,11,14.982906927562489,37730.642857142855,71.04,C
A013,2,2,9,55,1,14,3,22,4,6,0,0,4,14,136,8.0,71,16,16.768317464439754,0.3529411764705882,1.056372549019608,0.5220588235294118,2,0.2142857142857142,12,16.768317464439754,68455.60740740741,55.41,E
A017,2,1,6,159,1,12,12,2,38,6,0,1,0,19,259,13.63157894736842,51,18,13.271300758505726,0.0526315789473684,1.1596491228070176,0.1969111969111969,2,1.0,12,13.271300758505726,40510.8023255814,103.78,A
A085,5,4,13,3,0,7,5,4,7,1,0,1,0,9,59,2.95,20,10,4.521891197275759,0.4,-0.0263157894736842,0.3389830508474576,1,0.7142857142857143,11,4.521891197275759,187378.27586206896,41.59,F
A104,0,0,9,50,0,8,7,9,4,3,0,2,0,16,108,6.352941176470588,39,16,8.970154280728353,0.2352941176470588,0.5931372549019608,0.3611111111111111,5,0.875,9,8.970154280728353,86738.67289719626,72.21,C
A025,3,0,14,44,0,10,7,3,12,0,0,0,1,32,126,7.875,25,6,7.183966522750506,0.125,-0.4147058823529412,0.1984126984126984,1,0.7,9,7.183966522750506,68318.496,7.87,F
A049,0,0,2,93,0,13,9,14,28,1,0,4,1,12,177,9.31578947368421,38,17,9.608398911363391,0.0526315789473684,1.0350877192982455,0.2146892655367231,2,0.6923076923076923,10,9.608398911363391,58708.44886363636,51.11,E
A098,0,1,5,21,0,12,11,0,30,1,0,1,1,10,93,5.166666666666667,12,9,3.593976442141304,0.1111111111111111,0.5067079463364293,0.1290322580645161,9,0.9166666666666666,10,3.593976442141304,107876.66304347826,101.88,A
A081,1,2,2,6,0,6,2,1,0,1,0,0,1,4,26,2.0,8,10,2.385855756810896,0.3076923076923077,0.0,0.3076923076923077,1,0.3333333333333333,10,2.385855756810896,284145.76,2.9,F
A090,1,3,24,83,0,17,10,27,19,7,0,2,1,45,239,12.578947368421051,43,13,11.476822361766592,0.1578947368421052,0.5333333333333333,0.1799163179916318,1,0.5882352941176471,12,11.476822361766592,43270.81932773109,51.28,E
A092,1,1,0,84,0,12,12,10,13,4,0,3,1,41,182,9.1,32,19,8.443340571124677,0.05,0.3593984962406015,0.1758241758241758,1,1.0,11,8.443340571124677,58227.36464088398,87.17,B
A068,0,0,12,8,1,13,9,2,15,0,0,2,1,17,80,4.705882352941177,18,6,4.624292707537305,0.2352941176470588,0.2205882352941176,0.225,11,0.6923076923076923,10,4.624292707537305,114108.6835443038,68.56,D
A062,0,0,4,14,0,9,6,0,7,1,0,2,0,5,48,2.526315789473684,16,10,3.898291407819201,0.3157894736842105,0.0333333333333333,0.3333333333333333,3,0.6666666666666666,8,3.898291407819201,213405.12765957447,37.9,F
A087,0,0,4,21,0,6,5,0,7,0,0,0,0,8,51,3.642857142857143,10,14,3.5977600741322937,0.3571428571428571,0.1428571428571428,0.196078431372549,10,0.8333333333333334,6,3.5977600741322937,140496.28,8.2,F
A002,0,3,22,70,0,16,11,2,39,1,0,5,0,41,210,12.352941176470589,38,10,10.829921386225935,0.0588235294117647,0.9803921568627452,0.1809523809523809,15,0.6875,10,10.829921386225935,42205.91387559809,102.2,A
A036,1,1,5,47,0,10,6,2,37,3,0,1,0,21,134,7.444444444444445,21,14,6.405052018369928,0.2222222222222222,0.0722394220846233,0.1567164179104477,2,0.6,11,6.405052018369928,69974.08270676692,26.24,F
A059,1,0,17,20,0,10,5,9,2,2,0,0,1,27,94,4.947368421052632,42,19,9.467249276546273,0.3157894736842105,0.6140350877192983,0.4468085106382978,42,0.5,10,9.467249276546273,102007.2258064516,57.14,E
A042,0,0,0,0,0,0,0,0,0,0,0,0,0,4,4,1.3333333333333333,4,3,1.8856180831641267,0.6666666666666666,2.0,1.0,4,0.0,1,1.8856180831641267,56.0,0.0,F
A079,0,0,0,7,0,13,5,0,10,0,0,0,0,1,36,2.25,6,7,1.7853571071357126,0.3125,0.1470588235294117,0.1666666666666666,3,0.3846153846153846,5,1.7853571071357126,212123.6857142857,5.56,F
A083,3,2,19,100,0,13,6,24,16,4,0,4,4,10,205,11.38888888888889,35,10,9.650209490465818,0.1666666666666666,1.014447884416925,0.1707317073170731,11,0.4615384615384615,12,9.650209490465818,43160.05882352941,69.49,D
A022,0,0,10,24,0,12,9,0,25,0,0,2,0,16,98,5.764705882352941,16,14,4.007777905151959,0.1764705882352941,0.411764705882353,0.1632653061224489,4,0.75,7,4.007777905151959,79577.9175257732,74.27,C
A076,0,2,9,3,1,4,3,1,3,1,0,0,1,1,29,2.636363636363636,17,10,5.103879580952072,0.6363636363636364,0.7818181818181819,0.5862068965517241,1,0.75,11,5.103879580952072,130781.42857142857,3.61,F
A078,3,4,4,16,0,8,3,1,3,1,0,0,0,12,55,2.75,9,13,2.878801834096956,0.3,0.1496240601503759,0.1636363636363636,5,0.375,10,2.878801834096956,168131.66666666666,62.7,D
A053,0,0,0,0,0,1,0,0,0,0,0,0,0,4,5,0.3846153846153846,2,7,0.6249260311258431,0.6923076923076923,0.0384615384615384,0.4,1,0.0,2,0.6249260311258431,1066981.25,0.0,F
B104,0,0,17,107,0,12,8,10,7,4,1,1,0,47,214,11.88888888888889,33,18,7.901398532249344,0.0,0.6253869969040247,0.1542056074766355,27,0.6666666666666666,10,7.901398532249344,50082.7323943662,81.16,B
B006,4,0,13,142,1,21,12,20,27,7,0,15,3,43,308,16.210526315789473,50,10,10.836482957163105,0.0,0.5912280701754384,0.1623376623376623,-1,0.5714285714285714,12,10.836482957163105,36001.28664495114,101.13,A
B051,22,2,18,209,0,13,12,0,34,1,0,2,1,5,319,16.789473684210527,40,9,11.12881015708622,0.0,0.5403508771929826,0.1253918495297805,-6,0.9230769230769232,11,11.12881015708622,34682.339622641506,60.68,D
B050,7,0,21,250,0,15,12,46,46,4,3,4,2,69,479,26.61111111111111,89,10,23.480816966879555,0.0,0.3085655314757483,0.18580375782881,-14,0.8,12,23.480816966879555,22461.510460251047,90.73,A
B060,1,0,14,74,0,12,11,13,48,7,1,4,3,73,261,13.736842105263158,50,16,12.85891910519763,0.0,0.5771929824561403,0.1915708812260536,-9,0.9166666666666666,12,12.85891910519763,42523.71538461538,87.73,B
B090,0,0,15,116,2,13,12,22,41,2,2,5,1,53,284,14.947368421052632,44,10,12.189182798092684,0.0,0.9087719298245612,0.1549295774647887,-4,0.9230769230769232,12,12.189182798092684,39425.94699646643,90.68,A
B063,0,2,20,86,2,10,3,43,2,10,1,6,3,30,218,11.473684210526317,81,18,22.2198783005162,0.1578947368421052,1.1894736842105262,0.3715596330275229,6,0.3,13,22.2198783005162,52436.69585253456,34.58,F
B027,0,0,15,90,0,12,11,5,8,1,0,1,0,32,175,10.294117647058824,42,10,10.969287101519903,0.0588235294117647,0.7573529411764705,0.24,6,0.9166666666666666,9,10.969287101519903,58146.60344827586,83.02,B
B071,0,4,5,95,1,14,10,11,36,18,1,3,0,41,239,14.058823529411764,62,16,19.058641974443898,0.1176470588235294,2.1666666666666665,0.2594142259414226,4,0.7142857142857143,12,19.058641974443898,41196.945378151264,67.5,D
B099,0,1,12,32,0,5,3,13,0,5,0,1,0,10,82,4.823529411764706,32,16,8.290570789387232,0.4117647058823529,0.5612745098039216,0.3902439024390244,2,0.6,9,8.290570789387232,124079.20987654322,54.8,E
B093,0,5,6,65,0,11,6,12,1,3,1,0,0,41,151,8.882352941176471,42,10,11.846480504606456,0.0588235294117647,0.4950980392156863,0.2781456953642384,0,0.5454545454545454,10,11.846480504606456,67395.1,68.07,D
B039,1,2,29,150,2,12,12,31,40,20,1,3,2,91,396,20.842105263157897,73,18,17.977363420920963,0.0,1.1894736842105262,0.1843434343434343,-7,1.0,14,17.977363420920963,28027.26835443038,90.21,A
B088,15,0,13,0,0,12,12,5,23,2,0,1,1,18,102,6.0,17,15,4.419209404939518,0.0,0.2916666666666667,0.1666666666666666,0,1.0,10,4.419209404939518,96759.0198019802,72.68,C
B110,0,3,20,29,0,11,8,0,9,3,0,1,0,19,103,6.0588235294117645,26,16,5.692829217381275,0.0,0.4509803921568627,0.2524271844660194,2,0.7272727272727273,9,5.692829217381275,98204.6568627451,61.7,D
B043,22,0,7,2,1,14,12,23,40,0,1,6,0,47,175,9.210526315789474,32,10,7.857808368404682,0.0,-0.0508771929824561,0.1828571428571428,-9,0.8571428571428571,11,7.857808368404682,64198.183908045976,65.23,D
B028,10,1,3,47,4,14,12,15,38,2,1,3,0,34,184,10.823529411764708,43,15,11.551599299091968,0.0588235294117647,1.1715686274509804,0.233695652173913,3,0.8571428571428571,13,11.551599299091968,55852.13114754098,68.37,D
B024,20,2,33,79,0,12,12,20,30,3,1,0,0,56,268,14.88888888888889,46,17,11.054857599408953,0.0,0.9267285861713106,0.1716417910447761,-1,1.0,11,11.054857599408953,40460.97003745318,80.84,B
B112,0,2,17,89,3,15,12,12,31,1,0,1,1,56,240,12.63157894736842,35,8,9.793717246629353,0.0,0.4210526315789474,0.1458333333333333,-7,0.8,12,9.793717246629353,46960.81589958159,75.17,C
B013,0,4,1,49,0,12,11,6,12,1,1,2,0,35,134,7.882352941176471,28,16,6.7203147067518705,0.0588235294117647,0.767156862745098,0.208955223880597,2,0.9166666666666666,11,6.7203147067518705,75182.9022556391,107.62,A
B096,1,0,10,105,1,19,12,19,66,3,2,7,3,94,342,18.0,63,10,16.63224515654361,0.0,0.6280701754385964,0.1842105263157894,-4,0.631578947368421,13,16.63224515654361,32685.5073313783,89.52,B
B085,2,0,45,119,2,12,12,47,20,4,4,9,4,79,359,18.894736842105264,85,10,20.33119132565088,0.0,1.1350877192982456,0.2367688022284122,-1,1.0,13,20.33119132565088,31325.6843575419,34.22,F
B086,0,8,52,38,1,11,3,0,5,4,2,6,3,40,173,9.61111111111111,57,16,12.618940301031133,0.0555555555555555,1.1011351909184726,0.3294797687861271,15,0.2727272727272727,12,12.618940301031133,61388.145348837206,51.72,E
B087,0,0,9,74,0,12,8,1,93,0,0,3,0,44,244,13.555555555555555,42,10,10.150107948097135,0.0,0.9184726522187824,0.1721311475409836,7,0.6666666666666666,8,10.150107948097135,43287.39506172839,90.4,A
B094,0,0,30,84,0,11,10,54,43,0,0,0,0,21,253,14.055555555555555,47,10,14.447115137717605,0.1666666666666666,1.6150670794633644,0.1857707509881423,40,0.9090909090909092,7,14.447115137717605,42029.333333333336,50.18,E
B004,13,3,17,191,0,21,12,42,27,10,4,4,8,87,439,23.105263157894736,60,16,15.074882339916517,0.0,1.2491228070175435,0.1366742596810934,-9,0.5714285714285714,13,15.074882339916517,25211.002283105023,80.9,B
B001,3,3,6,2,0,1,0,0,0,0,0,0,0,11,26,1.625,10,2,2.9341736485763756,0.625,-0.4176470588235294,0.3846153846153846,-4,0.0,6,2.9341736485763756,373444.8,0.0,F
B011,0,5,5,16,0,12,12,29,15,3,1,3,2,74,177,9.833333333333334,44,16,12.033518004123133,0.0,1.4251805985552115,0.2485875706214689,31,1.0,12,12.033518004123133,59231.72159090909,70.45,C
B017,0,0,15,98,0,13,6,31,10,5,3,1,1,18,201,11.823529411764708,66,16,17.08193161042546,0.1764705882352941,1.3480392156862744,0.3283582089552239,-2,0.4615384615384615,11,17.08193161042546,49912.99,80.05,B
B008,18,0,11,139,1,12,11,14,29,3,1,5,1,42,287,16.88235294117647,68,10,18.861359045728996,0.0,1.4583333333333333,0.2369337979094076,10,0.9166666666666666,13,18.861359045728996,34925.954545454544,81.59,B
B021,12,3,6,12,1,7,6,8,17,0,0,1,0,46,119,9.916666666666666,37,5,9.886508764753891,0.0833333333333333,-0.1853146853146852,0.3109243697478991,-14,0.8571428571428571,11,9.886508764753891,56810.661016949154,26.33,F
B109,25,0,55,306,1,12,12,19,34,8,1,5,9,96,583,34.294117647058826,90,10,22.27307714254867,0.0,2.3259803921568625,0.1543739279588336,5,1.0,13,22.27307714254867,17379.094501718213,110.0,A
B054,0,2,60,148,2,22,12,40,106,3,6,4,1,81,487,27.055555555555557,76,16,23.625485820336344,0.0555555555555555,2.1867905056759547,0.1560574948665297,-6,0.5454545454545454,13,23.625485820336344,21534.16049382716,69.18,D
B031,1,1,39,35,0,10,5,30,8,4,2,11,1,41,188,10.444444444444445,50,16,14.576321065428996,0.1666666666666666,1.473684210526316,0.2659574468085106,13,0.5,13,14.576321065428996,54670.8128342246,68.23,D
B053,19,1,29,202,1,15,12,38,115,2,2,8,2,97,543,27.15,107,10,21.403913193619523,0.0,-0.0052631578947368,0.1970534069981583,-11,0.8,14,21.403913193619523,21523.959409594096,86.52,B
B068,1,4,18,177,2,12,12,9,25,2,4,6,1,46,319,18.764705882352946,77,16,21.161923107774896,0.0,1.3676470588235292,0.2413793103448276,-9,1.0,14,21.161923107774896,30454.01257861635,73.06,C
B048,0,0,18,21,0,11,10,3,14,0,0,4,0,67,148,7.7894736842105265,32,11,7.480352843974681,0.1052631578947368,0.1649122807017543,0.2162162162162162,11,0.9090909090909092,8,7.480352843974681,74444.90476190476,77.82,C
B042,5,0,20,123,2,17,9,30,19,9,3,6,2,54,299,16.61111111111111,68,16,16.100858806939076,0.0,0.9277605779153768,0.2274247491638795,-6,0.5294117647058824,13,16.100858806939076,34254.51342281879,60.28,D
B018,14,2,17,51,1,7,4,10,8,1,0,5,2,43,165,8.68421052631579,39,18,9.867824543375129,0.2105263157894736,0.412280701754386,0.2363636363636363,7,0.5714285714285714,13,9.867824543375129,66653.31097560975,73.37,C
B080,19,0,16,40,1,11,8,17,9,2,1,2,5,43,174,9.157894736842104,32,16,9.010304965308723,0.0526315789473684,0.7280701754385965,0.1839080459770115,23,0.7272727272727273,13,9.010304965308723,63919.601156069366,49.07,F
B113,6,0,32,109,2,11,8,10,12,6,0,2,0,96,294,15.473684210526317,72,10,17.22106549993085,0.0526315789473684,0.4333333333333333,0.2448979591836734,-1,0.7272727272727273,11,17.22106549993085,37474.83276450512,84.55,B
B040,5,1,27,113,3,13,12,32,79,4,4,5,2,93,393,20.68421052631579,68,10,15.096366351155837,0.0,0.2087719298245613,0.1730279898218829,-9,0.9230769230769232,14,15.096366351155837,28620.48724489796,90.13,A
B105,0,5,2,28,0,1,1,1,1,0,0,0,0,8,47,3.1333333333333333,20,5,5.289822513300633,0.4666666666666667,-0.5535714285714286,0.425531914893617,-4,1.0,8,5.289822513300633,184707.10869565216,1.67,F
B117,3,3,12,94,0,11,8,1,4,0,0,0,0,7,143,8.9375,40,15,10.383091724048285,0.125,1.063235294117647,0.2797202797202797,18,0.7272727272727273,9,10.383091724048285,65686.25352112677,58.74,E
B077,1,0,28,42,0,12,10,10,9,6,0,2,2,44,166,8.736842105263158,29,16,8.00553824919223,0.1578947368421052,0.6087719298245614,0.1746987951807229,21,0.8333333333333334,11,8.00553824919223,67140.84242424242,37.4,F
B095,17,0,40,98,0,20,12,5,33,3,1,2,2,12,245,13.61111111111111,45,16,10.531112048955434,0.0,0.8307533539731683,0.1836734693877551,8,0.6,12,10.531112048955434,41671.27049180328,90.92,A
B084,0,1,10,87,0,18,12,2,22,6,0,0,0,53,211,11.105263157894736,31,10,7.711199898726291,0.0,0.4947368421052631,0.1469194312796208,-1,0.6666666666666666,9,7.711199898726291,51490.87142857143,101.41,A
B078,0,0,5,49,1,9,6,9,6,3,2,5,4,53,152,8.941176470588236,60,16,13.790323070204805,0.0,0.9901960784313726,0.3947368421052631,4,0.6666666666666666,12,13.790323070204805,65258.503311258275,58.87,E
B103,1,1,33,62,0,12,11,2,26,5,1,0,1,32,187,10.38888888888889,29,18,7.349519174664792,0.0555555555555555,0.7647058823529412,0.1550802139037433,26,0.9166666666666666,12,7.349519174664792,55088.78494623656,15.86,F
B108,10,0,10,196,0,18,11,30,15,2,1,3,2,23,321,20.0625,53,10,12.705652039545235,0.0,1.713235294117647,0.1651090342679127,19,0.6111111111111112,12,12.705652039545235,28217.359375,74.85,C
B049,0,1,3,100,0,12,11,9,13,2,0,2,5,54,212,12.470588235294118,52,16,12.579711242635772,0.0,1.5098039215686274,0.2452830188679245,3,0.9166666666666666,11,12.579711242635772,46345.450236966826,63.81,D
B073,8,2,25,7,0,3,2,0,1,2,0,0,0,22,72,7.2,15,5,5.3814496188294845,0.0,-0.1454545454545454,0.2083333333333333,6,0.6666666666666666,9,5.3814496188294845,76411.85915492958,23.93,F
B057,0,2,87,90,0,12,12,0,32,4,1,1,0,26,267,14.833333333333334,35,5,8.939612221269257,0.0555555555555555,0.0629514963880288,0.1310861423220973,17,1.0,10,8.939612221269257,38648.16917293233,81.47,B
B020,12,2,10,78,6,12,6,15,12,4,1,1,0,41,200,10.0,47,18,13.6088206689632,0.1,0.9263157894736842,0.235,-2,0.5,13,13.6088206689632,56099.547738693465,53.75,E
B038,1,2,3,71,2,9,6,3,1,4,0,3,1,36,142,7.888888888888889,35,10,10.338111201272527,0.1111111111111111,0.6625386996904025,0.2464788732394366,30,0.6666666666666666,13,10.338111201272527,71927.08510638298,51.38,E
B041,2,2,7,38,2,3,3,16,3,3,0,1,3,36,119,6.2631578947368425,24,17,7.361651025223521,0.3157894736842105,0.5456140350877193,0.2016806722689075,17,1.0,13,7.361651025223521,93633.99152542371,46.6,F
B005,2,1,5,64,0,12,12,8,26,2,0,5,4,19,160,8.88888888888889,28,10,7.279261935181866,0.0,0.4086687306501548,0.175,1,1.0,12,7.279261935181866,63734.05031446541,91.47,A
B034,12,1,48,2,0,12,12,1,67,0,0,2,0,51,208,10.947368421052632,21,16,6.0478241777782005,0.0,0.3228070175438596,0.1009615384615384,-2,1.0,10,6.0478241777782005,52231.30917874396,70.13,C
B064,0,1,4,122,1,13,10,6,19,2,0,4,1,62,245,13.61111111111111,43,16,10.50470206298583,0.0,0.4138286893704851,0.1755102040816326,-4,0.7692307692307693,12,10.50470206298583,41834.73770491803,81.9,B
B046,0,1,17,80,1,12,11,3,24,2,0,4,3,142,300,15.789473684210526,63,6,15.16775994760778,0.0,-0.0052631578947368,0.21,3,0.9166666666666666,12,15.16775994760778,37012.83946488294,104.23,A
B066,5,0,4,60,0,13,8,7,5,2,0,2,0,33,139,8.176470588235293,35,16,10.7168657298981,0.0588235294117647,0.3382352941176469,0.2517985611510791,-1,0.6153846153846154,10,10.7168657298981,68182.61594202899,65.68,D
B035,0,8,5,72,2,16,11,3,8,8,2,2,1,71,209,12.294117647058824,55,16,13.292035235133914,0.0,0.8872549019607843,0.2631578947368421,5,0.6875,13,13.292035235133914,45345.682692307695,50.08,E
B067,0,1,5,56,0,12,11,8,21,2,1,4,0,26,147,8.166666666666666,26,16,7.455423082115015,0.0,0.4736842105263159,0.1768707482993197,-1,0.9166666666666666,11,7.455423082115015,68278.95890410959,60.17,D
B029,4,0,5,100,1,12,12,13,22,10,1,1,2,30,213,11.210526315789474,24,4,7.80404043373769,0.0526315789473684,0.5596491228070175,0.1126760563380281,2,1.0,13,7.80404043373769,50294.943396226416,78.51,C
B065,0,0,21,52,0,14,12,11,28,6,0,2,0,28,174,9.157894736842104,32,10,9.074331397117318,0.0526315789473684,0.5526315789473684,0.1839080459770115,1,0.8571428571428571,9,9.074331397117318,61627.919075144506,104.98,A
B030,1,5,14,43,3,11,11,0,19,0,0,2,0,20,129,7.588235294117647,22,16,5.667853868445132,0.0,0.5931372549019608,0.1705426356589147,2,1.0,10,5.667853868445132,75580.0078125,97.32,A
B059,0,0,21,49,0,10,8,7,5,3,0,6,2,16,127,6.684210526315789,40,18,10.402695154718051,0.1578947368421052,0.8578947368421054,0.3149606299212598,2,0.8,10,10.402695154718051,85352.72222222222,66.03,D
B079,6,0,86,61,0,12,12,11,26,5,0,1,0,56,276,15.333333333333334,66,18,14.410644214144856,0.0,1.4097007223942208,0.2391304347826087,65,1.0,10,14.410644214144856,37377.21090909091,74.13,C
B114,1,3,10,37,0,13,11,7,26,2,2,5,3,55,175,10.294117647058824,28,11,6.550839244683736,0.0588235294117647,0.6519607843137255,0.16,0,0.8461538461538461,13,6.550839244683736,55593.24137931035,72.37,C
B062,3,1,4,44,0,12,12,20,34,3,3,4,2,61,203,11.27777777777778,52,10,13.625162814748126,0.0,0.541795665634675,0.2561576354679803,2,1.0,13,13.625162814748126,50154.0099009901,86.47,B
B111,9,0,38,57,0,13,7,12,28,1,1,3,0,30,199,10.473684210526317,33,10,8.165191982482918,0.0,0.2122807017543859,0.1658291457286432,-1,0.5384615384615384,11,8.165191982482918,54211.98484848485,99.68,A
B045,0,0,3,61,0,13,12,16,22,0,0,1,0,23,151,7.947368421052632,20,17,6.236342418357316,0.1052631578947368,0.6789473684210526,0.1324503311258278,1,0.9230769230769232,8,6.236342418357316,71127.58,81.22,B
B074,9,1,11,41,0,12,12,10,26,5,0,4,0,46,177,9.31578947368421,44,18,9.947507657059512,0.0526315789473684,0.9526315789473684,0.2485875706214689,1,1.0,11,9.947507657059512,61107.517045454544,59.48,E
B097,0,3,6,50,1,10,4,9,11,1,2,1,0,16,114,6.705882352941177,47,10,11.244683480400614,0.1764705882352941,0.5220588235294118,0.4122807017543859,2,0.4,12,11.244683480400614,85622.76991150442,62.01,D
B007,13,1,1,90,0,11,11,7,3,2,1,3,0,8,151,9.4375,29,13,8.499770217482352,0.0625,0.8573529411764705,0.1920529801324503,21,1.0,12,8.499770217482352,60006.76,60.23,D
B044,0,1,3,53,0,13,12,0,14,1,0,6,1,11,115,6.052631578947368,27,16,6.476464956899723,0.0526315789473684,0.219298245614035,0.2347826086956521,2,0.9230769230769232,10,6.476464956899723,94228.67543859647,58.08,E
B101,7,1,11,43,4,12,11,12,20,2,1,0,1,8,133,7.388888888888889,28,18,5.870253533128691,0.0,0.6346749226006192,0.2105263157894736,27,0.9166666666666666,13,5.870253533128691,78437.75,103.17,A
B082,8,2,11,94,0,13,12,13,26,2,0,5,4,23,213,11.833333333333334,36,16,10.133826742373506,0.0,0.8080495356037154,0.1690140845070422,0,0.9230769230769232,12,10.133826742373506,47766.10849056604,107.45,A
B019,0,0,21,41,1,12,12,13,13,3,3,8,2,54,183,9.63157894736842,36,10,8.886480129155334,0.0526315789473684,0.3824561403508771,0.1967213114754098,4,1.0,12,8.886480129155334,60346.83516483517,51.31,E
B023,1,0,4,42,1,11,10,8,19,1,0,4,1,32,134,7.882352941176471,19,10,5.039635291906799,0.0,0.3504901960784314,0.1417910447761194,2,0.9090909090909092,12,5.039635291906799,74042.96992481203,67.57,D
B083,4,0,11,80,1,16,11,14,38,5,1,0,3,58,242,15.125,80,16,19.022601688517792,0.0,2.2558823529411764,0.3305785123966942,79,0.6875,12,19.022601688517792,37636.91286307054,81.65,B
B047,40,1,7,130,2,11,8,49,19,5,4,1,0,26,303,15.947368421052632,81,18,21.541816578363232,0.0526315789473684,1.1649122807017542,0.2673267326732673,-1,0.7272727272727273,13,21.541816578363232,35281.665562913906,54.0,E
B052,5,0,38,72,1,16,10,16,11,4,2,10,3,55,243,12.789473684210526,37,10,12.094274188393626,0.1052631578947368,0.750877192982456,0.1522633744855967,27,0.625,13,12.094274188393626,45402.37603305785,46.2,F
B003,0,0,42,10,0,13,12,15,21,1,1,1,1,10,127,7.055555555555555,15,18,5.027394092173866,0.1111111111111111,0.6408668730650154,0.1181102362204724,14,0.9230769230769232,11,5.027394092173866,81548.30158730158,87.37,B
B002,0,0,46,68,9,12,9,1,31,1,2,2,0,21,202,12.625,34,10,10.953737946472884,0.0,1.223529411764706,0.1683168316831683,-1,0.75,11,10.953737946472884,44545.57213930349,64.07,D
B014,0,34,21,87,1,12,12,1,15,1,1,1,0,13,199,11.705882352941176,26,10,7.160058378683736,0.0,0.2696078431372549,0.1306532663316583,0,1.0,12,7.160058378683736,48043.98484848485,104.2,A
B012,0,0,9,183,3,14,10,34,26,11,0,6,5,41,342,20.11764705882353,76,10,20.29454390004187,0.0,1.772058823529412,0.2222222222222222,12,0.7142857142857143,11,20.29454390004187,27849.01173020528,63.82,D
B026,13,1,14,98,0,13,10,11,27,3,0,2,1,46,239,14.058823529411764,37,9,10.518726092826876,0.0,1.0637254901960784,0.1548117154811715,4,0.7692307692307693,12,10.518726092826876,39874.138655462186,82.72,B
B092,1,0,14,51,1,18,12,6,12,1,0,2,0,13,131,7.705882352941177,27,16,7.002224065860225,0.0,0.6666666666666666,0.2061068702290076,2,0.6666666666666666,11,7.002224065860225,72828.84615384616,87.2,B
B015,0,0,6,58,1,12,11,7,27,0,1,2,0,30,155,7.75,29,10,7.133547504573023,0.05,0.3345864661654135,0.1870967741935484,1,0.9166666666666666,10,7.133547504573023,72672.1948051948,73.02,C
B100,3,0,37,33,0,14,12,18,45,3,0,4,1,25,195,10.263157894736842,55,16,12.108466395409184,0.0526315789473684,0.6824561403508772,0.282051282051282,2,0.8571428571428571,11,12.108466395409184,54104.5,76.8,C
B107,1,0,38,37,0,11,11,0,8,3,0,1,0,25,135,7.105263157894737,26,16,6.742596226834019,0.1052631578947368,0.3719298245614035,0.1925925925925926,1,1.0,9,6.742596226834019,76543.31343283581,55.7,E
B118,12,7,19,48,1,15,10,8,20,2,0,1,0,17,160,8.421052631578947,35,18,8.809777997523602,0.1052631578947368,0.5280701754385965,0.21875,1,0.6666666666666666,12,8.809777997523602,65304.42767295597,68.24,D
B091,2,1,5,1,0,0,0,0,0,0,0,0,0,3,12,6.0,12,2,6.0,0.5,12.0,1.0,12,0.0,5,6.0,48734.818181818184,0.0,F
B056,4,0,0,78,1,12,10,7,27,1,1,2,2,33,178,9.36842105263158,41,16,9.559842138730716,0.1052631578947368,0.4754385964912279,0.2303370786516854,1,0.8333333333333334,12,9.559842138730716,60114.23163841808,65.85,D
B106,4,2,4,2,1,12,8,4,10,3,0,2,0,9,61,3.588235294117647,20,16,4.486041403514734,0.0588235294117647,0.4950980392156863,0.3278688524590163,8,0.6666666666666666,12,4.486041403514734,152770.91666666666,52.27,E
B061,0,0,8,36,0,7,6,0,1,1,0,0,2,13,74,3.8947368421052633,24,19,6.197577938127844,0.4736842105263157,0.5456140350877193,0.3243243243243243,24,0.8571428571428571,8,6.197577938127844,144492.87671232875,14.88,F
B069,0,1,2,13,0,13,12,25,23,1,0,3,0,52,145,7.631578947368421,24,10,6.174740789921039,0.0526315789473684,0.543859649122807,0.1655172413793103,4,0.9230769230769232,10,6.174740789921039,72153.45138888889,94.58,A
B037,3,0,23,123,2,14,12,9,63,4,1,5,4,60,323,17.0,63,10,15.834672150229798,0.0526315789473684,0.519298245614035,0.1950464396284829,1,0.8571428571428571,13,15.834672150229798,32367.53105590062,76.1,C
B022,0,1,29,68,2,12,8,1,13,3,0,4,0,11,152,8.444444444444445,22,8,7.235884513406638,0.1666666666666666,0.6233230134158928,0.1447368421052631,16,0.6666666666666666,11,7.235884513406638,67054.1059602649,53.15,E
B055,0,7,6,107,2,18,11,8,15,4,0,6,3,27,214,11.263157894736842,65,18,15.923640503032154,0.0526315789473684,1.3210526315789473,0.3037383177570093,2,0.6111111111111112,12,15.923640503032154,49859.88262910798,68.38,D
B025,0,0,16,34,0,9,5,8,7,4,0,1,2,30,116,5.8,34,16,8.340263784797218,0.1,0.5774436090225564,0.293103448275862,1,0.5555555555555556,10,8.340263784797218,93882.19130434784,51.15,E
B016,1,0,3,65,0,4,3,16,6,6,0,4,5,45,158,8.31578947368421,81,10,19.10649553804026,0.4210526315789473,0.5894736842105263,0.5126582278481012,9,0.75,11,19.10649553804026,65634.2101910828,62.18,D
B098,1,0,2,11,0,12,7,8,9,2,0,1,0,12,65,3.823529411764706,13,10,3.745354677583907,0.1764705882352941,0.3039215686274509,0.2,12,0.5833333333333334,10,3.745354677583907,142456.9375,60.33,D
B009,0,0,16,43,1,12,10,2,7,7,0,15,5,35,153,8.052631578947368,39,16,9.616179809437,0.0526315789473684,0.936842105263158,0.2549019607843137,1,0.8333333333333334,11,9.616179809437,65375.98026315789,61.43,D
B089,0,0,0,0,1,11,11,0,11,0,0,1,0,10,45,2.6470588235294117,5,11,1.5316725372107691,0.1764705882352941,0.1642156862745098,0.1111111111111111,4,1.0,6,1.5316725372107691,206187.38636363635,78.08,C
B081,1,1,33,15,1,11,8,23,13,7,0,11,2,14,140,8.235294117647058,31,10,9.00672566843445,0.1764705882352941,1.0441176470588236,0.2214285714285714,10,0.7272727272727273,13,9.00672566843445,63133.546762589925,52.53,E
B115,3,0,6,48,1,22,12,8,31,0,0,3,2,41,177,10.411764705882351,32,15,9.254943502731624,0.1176470588235294,1.2009803921568627,0.1807909604519774,5,0.5454545454545454,11,9.254943502731624,50300.01136363636,77.18,C
B102,0,0,12,50,2,9,6,31,6,3,2,5,7,24,157,8.722222222222221,87,16,20.490663336032274,0.4444444444444444,1.722394220846233,0.554140127388535,6,0.6666666666666666,12,20.490663336032274,58282.5641025641,68.85,D
B072,0,1,8,145,0,14,12,10,13,0,0,0,0,5,208,10.947368421052632,38,18,12.137257490495196,0.2105263157894736,1.124561403508772,0.1826923076923076,3,0.8571428571428571,8,12.137257490495196,47639.69565217391,55.0,E
B116,0,0,5,11,0,12,8,2,21,0,0,0,0,3,62,3.4444444444444446,12,10,3.201080064641763,0.2222222222222222,0.262125902992776,0.1935483870967742,3,0.6666666666666666,7,3.201080064641763,153383.0819672131,97.18,A
B032,13,0,1,50,0,13,1,19,10,7,0,5,5,50,174,9.157894736842104,77,19,18.26202028915616,0.2631578947368421,2.0385964912280703,0.4425287356321839,77,0.0769230769230769,11,18.26202028915616,57429.35838150289,51.45,E
B010,0,34,4,21,0,14,11,11,30,6,2,2,2,28,165,9.705882352941176,66,10,15.687254871325443,0.2352941176470588,0.394607843137255,0.4,2,0.7857142857142857,12,15.687254871325443,50082.73780487805,85.47,B
B070,0,0,8,65,0,12,11,3,5,6,0,0,0,12,122,7.176470588235294,67,10,15.997188334269122,0.1764705882352941,0.6323529411764706,0.5491803278688525,4,0.9166666666666666,8,15.997188334269122,68486.04132231405,69.91,D
B076,0,0,0,0,1,8,3,1,3,2,0,0,3,22,43,3.0714285714285716,13,5,3.972481874709809,0.3571428571428571,-0.1032967032967033,0.3023255813953488,1,0.375,8,3.972481874709809,145992.7142857143,2.5,F
B058,0,0,0,0,0,10,7,1,9,0,0,1,0,22,50,2.6315789473684212,8,6,2.558999111819625,0.3684210526315789,0.0210526315789473,0.16,4,0.7,6,2.558999111819625,188460.10204081633,70.85,C
B033,0,5,10,76,4,9,7,13,22,2,1,1,2,72,224,11.2,62,18,17.699152522084216,0.2,1.2571428571428571,0.2767857142857143,2,0.7777777777777778,13,17.699152522084216,43476.39910313901,44.18,F
B036,0,0,2,2,0,3,0,1,0,0,0,0,0,2,10,1.25,8,6,2.5860201081971503,0.625,0.3571428571428571,0.8,1,0.0,5,2.5860201081971503,293959.1111111111,0.0,F
B075,0,13,10,15,0,14,10,7,11,1,1,2,1,25,110,5.7894736842105265,14,15,4.663169775439303,0.2631578947368421,0.3526315789473683,0.1272727272727272,3,0.7142857142857143,12,4.663169775439303,80053.77981651376,50.17,E
B119,0,0,0,6,0,0,0,0,0,1,0,0,0,6,13,0.7222222222222222,7,18,1.6601725330537704,0.7222222222222222,0.1166150670794633,0.5384615384615384,7,0.0,3,1.6601725330537704,669220.5833333334,19.2,F
